{"packFileHash":{"type":"sha256","value":"1df13692d61c27bb20499aa416c10514e7b139ea7e6405b5224063e44c63a7cb"},"indexFileHash":{"type":"sha256","value":"21dc6715a8e19b7003601dacef926e05f68128fdd703eb19fa0b18b2bebee520"},"cachedFiles":{"config/NoChatReports/NCR-ServerPreferences.json":{"hash":{"type":"sha256","value":"df32843b853e0a493ef3a9b1e39276818294353fbb0d833f7f61e77da0f5bca1"},"cachedLocation":"config/NoChatReports/NCR-ServerPreferences.json","optionValue":true},"config/xaeropatreon.txt":{"hash":{"type":"sha256","value":"e3b0c44298fc1c149afbf4c8996fb92427ae41e4649b934ca495991b7852b855"},"cachedLocation":"config/xaeropatreon.txt","optionValue":true},"config/voicechat/translations.properties":{"hash":{"type":"sha256","value":"6a521191220fe44d145da9a855fed277d9a19f4c09165425e64a2c7a03758ebb"},"cachedLocation":"config/voicechat/translations.properties","optionValue":true},"config/valkyrienskies/vs_common.json":{"hash":{"type":"sha256","value":"b79fd15ca7286dcfa731ca333f6cffe160a46225e41479cc968dd5d8e24df3a8"},"cachedLocation":"config/valkyrienskies/vs_common.json","optionValue":true},"config/sound_physics_remastered/allowed_sounds.properties":{"hash":{"type":"sha256","value":"b89f23e9542c35a15ed2bf4c84f73cce795aeb908e0939355bcb93c5a70515af"},"cachedLocation":"config/sound_physics_remastered/allowed_sounds.properties","optionValue":true},"mods/botarium.pw.toml":{"hash":{"type":"sha256","value":"098dce9973ba88740458098f574f77cd8611b8aa9584916746ca135ef533309a"},"linkedFileHash":{"type":"sha1","value":"8a4b7f0d6e569370a73402eeda57418f456968d8"},"cachedLocation":"mods/botarium-forge-1.20.1-2.3.3.jar","optionValue":true},"mods/embeddiumplus.pw.toml":{"hash":{"type":"sha256","value":"7bdb3f32bfe31c1b88cec3c632e65049aaa7343de65f7855e142ed04d717ca2d"},"linkedFileHash":{"type":"sha1","value":"03b75217f077bce735c7c39b0ed58b60aa2c2381"},"cachedLocation":"mods/embeddiumplus-1.20.1-v1.2.11-ignore.jar","optionValue":true},"mods/wi-zoom.pw.toml":{"hash":{"type":"sha256","value":"96f395c71e727cd170cc85473fd26500b9e6c8555fa9b86f645746860938e6b7"},"linkedFileHash":{"type":"sha1","value":"de100712cf2b7187a23f5cd726b93e576592979b"},"cachedLocation":"mods/WI-Zoom-1.5-MC1.20.1-Forge.jar","optionValue":true},"config/lucent-client.toml":{"hash":{"type":"sha256","value":"3331558e50810f5799e68a3118f61187b927ef86a818cba2995711973ba0ee32"},"cachedLocation":"config/lucent-client.toml","optionValue":true},"config/oculus.properties":{"hash":{"type":"sha256","value":"25ed3cb3cb576b09a490a9ea5e42d61a331e272ad33bcf0a003f65e0452252c6"},"cachedLocation":"config/oculus.properties","optionValue":true},"config/railways-client.toml":{"hash":{"type":"sha256","value":"b71a55c298472d02e9d60b3003640d3cbaf96d49e16c4fc228447fb444ab6247"},"cachedLocation":"config/railways-client.toml","optionValue":true},"mods/create-diesel-generators.pw.toml":{"hash":{"type":"sha256","value":"e931be9b2940121bafaa7564d14c2d38e6693c557e9d7a5422030f8f6b7130a3"},"linkedFileHash":{"type":"sha1","value":"d3a032371a634ce2633a1139b7d5dadb13defb4e"},"cachedLocation":"mods/createdieselgenerators-1.20.1-1.2f.jar","optionValue":true},"mods/ftb-quests-forge.pw.toml":{"hash":{"type":"sha256","value":"a2c0b49d8753555d8b79d1a931488e1cf5b9591300fea0a46ebeba22d4aea4a4"},"linkedFileHash":{"type":"sha1","value":"752a19e2d9a0e570171d654e720a6abedee8a38a"},"cachedLocation":"mods/ftb-quests-forge-2001.4.2.jar","optionValue":true},"mods/sound-physics-remastered.pw.toml":{"hash":{"type":"sha256","value":"d9f3d57d117172e45d8b7a84fbfb36b19ebb6cbdac6856f312be13a455dd5729"},"linkedFileHash":{"type":"sha1","value":"44cae2daedb26dd7b5312842f01f1871dd16919e"},"cachedLocation":"mods/soundphysics-forge-1.20.1-1.3.0.jar","optionValue":true},"config/konkrete/locals/pt_br.local":{"hash":{"type":"sha256","value":"dca55a2792451b31424cd5c24037141ec57cdca51955d062dd908fa9ca6a3e9c"},"cachedLocation":"config/konkrete/locals/pt_br.local","optionValue":true},"mods/create-enchantment-industry.pw.toml":{"hash":{"type":"sha256","value":"cc6024c02ab4cfcadea22833dd439456f726a23525d05ef2dfde0bb5e2d541af"},"linkedFileHash":{"type":"sha1","value":"eec891067ec8c72fdaeb97bece103eed5e10e719"},"cachedLocation":"mods/create_enchantment_industry-1.20.1-for-create-0.5.1.f-1.2.9.d.jar","optionValue":true},"config/voicechat/voicechat-server.properties":{"hash":{"type":"sha256","value":"c021f21c9009ae91f5597c614e47c918641ea1f9e75dd76d102b5f8d83ffe142"},"cachedLocation":"config/voicechat/voicechat-server.properties","optionValue":true},"mods/blur-forge.pw.toml":{"hash":{"type":"sha256","value":"b452fc877ad16f35cf274f3945ec7eb46d645be3d76bd506858b263ce09332ce"},"linkedFileHash":{"type":"sha1","value":"562f34155f3849463449aeb1ab54cc7064e4bc86"},"cachedLocation":"mods/blur-forge-3.1.1.jar","optionValue":true},"mods/create-misc-and-things.pw.toml":{"hash":{"type":"sha256","value":"67ac69249248ff9b8fe176111a55b71a95dbadd718bb005fa91f9ef6c7b04f36"},"linkedFileHash":{"type":"sha1","value":"c5a6e8ec10bca9c349698afade327ecc3fbbdf17"},"cachedLocation":"mods/create_misc_and_things_ 1.20.1_4.0A.jar","optionValue":true},"config/advancementplaques-common.toml":{"hash":{"type":"sha256","value":"44e9102364babb9c34c82dd26b38ba26f6ab938112134d5891aa1c940ed06b06"},"cachedLocation":"config/advancementplaques-common.toml","optionValue":true},"config/farmersdelight-common.toml":{"hash":{"type":"sha256","value":"6c5ef17d96281e06120161c02bc3365ed55e90151cb99f8ebde9c7042e340bbb"},"cachedLocation":"config/farmersdelight-common.toml","optionValue":true},"config/mysterious_mountain_lib-common.toml":{"hash":{"type":"sha256","value":"01ed255911a9b2f7297301591e0b9fefb2c2b857b7127df90e98f0888f05b631"},"cachedLocation":"config/mysterious_mountain_lib-common.toml","optionValue":true},"mods/create-clockwork.pw.toml":{"hash":{"type":"sha256","value":"9b9494ddf3d98305013d85c7081c6e172c26d75b90cc01393332db45f8423c89"},"linkedFileHash":{"type":"sha1","value":"87cfbbe497ed75f2e02ecccafeb99915352bb30e"},"cachedLocation":"mods/clockwork-1.20.1-0.1.13-forge-8cf946b78e.jar","optionValue":true},"config/enhancedvisuals.json":{"hash":{"type":"sha256","value":"0db28b852e68e602e80940bc108ec70784d8975a8921d80678a0b24b3e088fd9"},"cachedLocation":"config/enhancedvisuals.json","optionValue":true},"mods/fastsuite.pw.toml":{"hash":{"type":"sha256","value":"f66951f1aede8b984643c636b2f3177354395254f9e60a9728dbcbcf1d94668d"},"linkedFileHash":{"type":"sha1","value":"c418caa1eea74e9f05b4a20862ebc665019250c8"},"cachedLocation":"mods/FastSuite-1.20.1-5.0.1.jar","optionValue":true},"mods/terralith.pw.toml":{"hash":{"type":"sha256","value":"c65990083e70a721e768dc9385a6d989d2c157b2024d3a7d02bb56bf14d49a0a"},"linkedFileHash":{"type":"sha1","value":"764fdbf6f57caa9ec68b8df3c6d2743acf927b9e"},"cachedLocation":"mods/Terralith_1.20_v2.5.0.jar","optionValue":true},"config/createrailwaysnavigator-client.toml":{"hash":{"type":"sha256","value":"9a4fe829e03ea10c4de2d6e0711a3565d2f10d32b176370b132e8093f2a8bb8d"},"cachedLocation":"config/createrailwaysnavigator-client.toml","optionValue":true},"config/jei/jei-debug.ini":{"hash":{"type":"sha256","value":"9013ac3cc4da8526524bfe11150bcb810ea7e315da532e517e342ac0869e2fa6"},"cachedLocation":"config/jei/jei-debug.ini","optionValue":true},"config/xaerominimap.txt":{"hash":{"type":"sha256","value":"4bfcbe4661f93f2d3bcc90cc0b40cfdae80bb9795d0a441b1c6c7c2657353441"},"cachedLocation":"config/xaerominimap.txt","optionValue":true},"mods/create.pw.toml":{"hash":{"type":"sha256","value":"6ecc31d75d379730df8fe950438b4ca26ed1daa8612406374552665f9222f9ea"},"linkedFileHash":{"type":"sha1","value":"3fee3c26ebbfdfd59e1371ab73ba1f61b44ef6d0"},"cachedLocation":"mods/create-1.20.1-0.5.1.f.jar","optionValue":true},"config/watut-client.toml":{"hash":{"type":"sha256","value":"27092cfa41a54da72d9349929bc421ab0f53e6dcb9f667b930af53dbe59ab9d2"},"cachedLocation":"config/watut-client.toml","optionValue":true},"mods/modernfix.pw.toml":{"hash":{"type":"sha256","value":"049b2cb43144e1137204f579574a94c8520b33e3d6a39d6ad309f498b9387e40"},"linkedFileHash":{"type":"sha1","value":"858abf884131d30e6c9c8a51e226b1bc6b83318a"},"cachedLocation":"mods/modernfix-forge-5.15.0+mc1.20.1.jar","optionValue":true},"config/create-client.toml":{"hash":{"type":"sha256","value":"6bdffc741647463db2865247814706c6aed9dd2c83ff0c79486b1572f926e67e"},"cachedLocation":"config/create-client.toml","optionValue":true},"config/jei/ingredient-list-mod-sort-order.ini":{"hash":{"type":"sha256","value":"5dcf62fd7bfaa84cff0cc42bcd20dbb79f2ca8d87a19f694ecb50064790207d2"},"cachedLocation":"config/jei/ingredient-list-mod-sort-order.ini","optionValue":true},"config/fpsreducer/fpsreducer-client.toml":{"hash":{"type":"sha256","value":"34b2ef94b8ca13619e341ca9250bfda910d5b7ab454de589cb8bc226383e795e"},"cachedLocation":"config/fpsreducer/fpsreducer-client.toml","optionValue":true},"config/immersiveengineering-client.toml":{"hash":{"type":"sha256","value":"5885f6699cda8460fde62aa7f84b1f5fb636a3d7e8e489904de7bafa3d3b4d12"},"cachedLocation":"config/immersiveengineering-client.toml","optionValue":true},"mods/noisium.pw.toml":{"hash":{"type":"sha256","value":"e58fa9cd8ef4d3af3b32bca36ef8fccf295f3f8cbff1e1592aad047ab7c403d7"},"linkedFileHash":{"type":"sha1","value":"4cec669eb885f344206ca314e245ee62a19861cb"},"cachedLocation":"mods/noisium-forge-2.0.3+mc1.20-1.20.1.jar","optionValue":true},"config/sound_physics_remastered/occlusion.properties":{"hash":{"type":"sha256","value":"a6d6f564bebb64acb80468c564689bccd8d86b1b14df0bfd1d461b46debe2ef5"},"cachedLocation":"config/sound_physics_remastered/occlusion.properties","optionValue":true},"config/jei/recipe-category-sort-order.ini":{"hash":{"type":"sha256","value":"b4a276baabac125bb8ea92f8ddd46d85d59330bad8995803f30c3da9435ab7bf"},"cachedLocation":"config/jei/recipe-category-sort-order.ini","optionValue":true},"config/valkyrienskies/schemas/vs_client.schema.json":{"hash":{"type":"sha256","value":"18ab8a80bb24a7a448e9689f6ec93921f47072b62271ae0c6d7fdf2da4a12078"},"cachedLocation":"config/valkyrienskies/schemas/vs_client.schema.json","optionValue":true},"mods/fastfurnace.pw.toml":{"hash":{"type":"sha256","value":"932ddad36de5cc064fd285cff392872050de95e262029d336e99f44e0ce01d97"},"linkedFileHash":{"type":"sha1","value":"b144b8599acd3fac3f8f9d31fa217a4a5b942f61"},"cachedLocation":"mods/FastFurnace-1.20.1-8.0.2.jar","optionValue":true},"mods/jade.pw.toml":{"hash":{"type":"sha256","value":"6c55d62a19881830ac4c424feb35714954dafc338e9c2ab8564da70f7e092306"},"linkedFileHash":{"type":"sha1","value":"de128914a1b9eec457094d45bfc1308f348c75a9"},"cachedLocation":"mods/Jade-1.20.1-forge-11.9.1.jar","optionValue":true},"mods/oculus.pw.toml":{"hash":{"type":"sha256","value":"6bb8b0848783cdf7108e499107a4991c2cee2a9240b963d427fa62b0f2a5820e"},"linkedFileHash":{"type":"sha1","value":"27410903d3af950378776106b76503cfebe7ea3a"},"cachedLocation":"mods/oculus-mc1.20.1-1.7.0.jar","optionValue":true},"config/constructionwand-client.toml":{"hash":{"type":"sha256","value":"5f04c09df807b52b49620d7b713d7fc3924324421684edf72d6f2df5f490469f"},"cachedLocation":"config/constructionwand-client.toml","optionValue":true},"config/sound_physics_remastered/reflectivity.properties":{"hash":{"type":"sha256","value":"68fb0ee3fb1698d52ba336c4efd14077a563c9bde625ecabf8406c36cc1851f1"},"cachedLocation":"config/sound_physics_remastered/reflectivity.properties","optionValue":true},"config/exposure-client.toml":{"hash":{"type":"sha256","value":"3bb1c6aa22d5fc9e03e65315ae9c86c22f6a96614a2942e5df5908d71b74dfc6"},"cachedLocation":"config/exposure-client.toml","optionValue":true},"config/fml.toml":{"hash":{"type":"sha256","value":"eb604267b22f2d74c4ed736e534029daa97216d7af50e7376ff4ccd85df39c3f"},"cachedLocation":"config/fml.toml","optionValue":true},"config/blur-client.toml":{"hash":{"type":"sha256","value":"6ab6714bad3c0cfc510332ce2624c6cbe9c9063cbc635511ee336e04d235f0dd"},"cachedLocation":"config/blur-client.toml","optionValue":true},"config/voicechat/voicechat-client.properties":{"hash":{"type":"sha256","value":"5fbc86b0559646ebce1abc7b2b0bca93941055d38bc3effa45d58fbb440a871d"},"cachedLocation":"config/voicechat/voicechat-client.properties","optionValue":true},"mods/xaeros-world-map.pw.toml":{"hash":{"type":"sha256","value":"3bcfe8680b1f7a47f722463b9b1aff2bcae11c16b8822696c2fc5e2e9e1da2a8"},"linkedFileHash":{"type":"sha1","value":"52fb8d58ac2ac01989fd54ef42b4c43c7cfe07f1"},"cachedLocation":"mods/XaerosWorldMap_1.37.0_Forge_1.20.jar","optionValue":true},"mods/ferritecore.pw.toml":{"hash":{"type":"sha256","value":"5bd0506bc0be25116b234f2b5af9447f60d82ae1cb6c5be4e12d8841f6c2501c"},"linkedFileHash":{"type":"sha1","value":"417fb6ce8f52abf40bd9d0390371790f9576f8ba"},"cachedLocation":"mods/ferritecore-6.0.1-forge.jar","optionValue":true},"config/canary.properties":{"hash":{"type":"sha256","value":"a37eb7f218ab61f3277a103a85c5bd14ff0abe0dff94e17883bcbb5ea28a3855"},"cachedLocation":"config/canary.properties","optionValue":true},"mods/jei.pw.toml":{"hash":{"type":"sha256","value":"b9e82527f9d5d2152c4e095c00a3d0a30a29825479fd73e7e24a2634bde112be"},"linkedFileHash":{"type":"sha1","value":"1a431d34991d51998f9971c4291bac2d58eaa154"},"cachedLocation":"mods/jei-1.20.1-forge-15.3.0.4.jar","optionValue":true},"config/valkyrienskies/vs_tournament_server.json":{"hash":{"type":"sha256","value":"e6a33badfc7d18efac0227d5b45125582c9ac7be8cdcb922cdc21942d8343b4c"},"cachedLocation":"config/valkyrienskies/vs_tournament_server.json","optionValue":true},"config/justzoom/config.txt":{"hash":{"type":"sha256","value":"d9df9557879bee7b902e79d893b1d177cfe6866e7e01c4fb750e731ecb6d3e89"},"cachedLocation":"config/justzoom/config.txt","optionValue":true},"config/sliceanddice-common.toml":{"hash":{"type":"sha256","value":"b4666467ec130d1736f663b3329dd57f0d84b9a2520f5b9b82771a4b71c8f709"},"cachedLocation":"config/sliceanddice-common.toml","optionValue":true},"mods/placebo.pw.toml":{"hash":{"type":"sha256","value":"14eb87dea15b2484cda7bed648ed7382d8636e1e953a0e3f73f92c528c145934"},"linkedFileHash":{"type":"sha1","value":"df3170bd94639d6cd49eded3a4faacac953aeaf8"},"cachedLocation":"mods/Placebo-1.20.1-8.6.1.jar","optionValue":true},"config/embeddium++.toml":{"hash":{"type":"sha256","value":"611165e50d93f62e80c2a22f8d344b3aa1fa59946fd6b1835acb691ea9c9bd9a"},"cachedLocation":"config/embeddium++.toml","optionValue":true},"config/valkyrienskies/schemas/vs_clockwork_client.schema.json":{"hash":{"type":"sha256","value":"1401463b94a0af5d1b62b6729690f96d6c5e01f6190830240124f8874812a90c"},"cachedLocation":"config/valkyrienskies/schemas/vs_clockwork_client.schema.json","optionValue":true},"config/entity_model_features.json":{"hash":{"type":"sha256","value":"fba339f0c8502cb1eb804a8d41f3a54a79dec86930e96ea58908f58ff1a185ba"},"cachedLocation":"config/entity_model_features.json","optionValue":true},"mods/creativecore.pw.toml":{"hash":{"type":"sha256","value":"cf672e83eb2392c9519566c09f7061e3e8f6ec7ca8f44943f25fd1e9d4ae7291"},"linkedFileHash":{"type":"sha1","value":"6a0c4b02d992f4748f760632a13ef00c115d6953"},"cachedLocation":"mods/CreativeCore_FORGE_v2.11.27_mc1.20.1.jar","optionValue":true},"config/ftbquests/quests/data.snbt":{"hash":{"type":"sha256","value":"1478e6ed007ffb13d7d271f7b112bda050ef0e3a06d6f9fb0e68b2e233a6b370"},"cachedLocation":"config/ftbquests/quests/data.snbt","optionValue":true},"config/create_new_age-common.toml":{"hash":{"type":"sha256","value":"e81278395fa13b507ded6942be7995d95146b4ed0e5046c8b751f0e52fde0222"},"cachedLocation":"config/create_new_age-common.toml","optionValue":true},"config/valkyrienskies/vs_core_server.json":{"hash":{"type":"sha256","value":"d5b844f63b888a7ca8bec51f647727fc0ceb44df540d80865ca62e5ecf67327a"},"cachedLocation":"config/valkyrienskies/vs_core_server.json","optionValue":true},"config/embeddium-mixins.properties":{"hash":{"type":"sha256","value":"09ff183e061d93b79514bc171bf9118497578757e7a5c45946039487656e2619"},"cachedLocation":"config/embeddium-mixins.properties","optionValue":true},"mods/interactive.pw.toml":{"hash":{"type":"sha256","value":"3fc2c0c66bc9eea83561f2b2bafd4b2358dfef382bff4a3cbca5f15c72ca01e7"},"linkedFileHash":{"type":"sha1","value":"96644db68ee073153ac546be6f522d09054e2b4d"},"cachedLocation":"mods/create_interactive-1201-forge-1.0.2-beta.2.jar","optionValue":true},"config/waterframes-client.toml":{"hash":{"type":"sha256","value":"9922a2824fb320eeeba7a6ca11acae10cee595b8d6b8312fe0939a5c6b77bacd"},"cachedLocation":"config/waterframes-client.toml","optionValue":true},"mods/entity-model-features.pw.toml":{"hash":{"type":"sha256","value":"3f06aae28b5f66bdbef6dd34c03827f81739553caa58019acf8d033456b8d1d2"},"linkedFileHash":{"type":"sha1","value":"49c9a36207f4ce09fbf917bcb5b5579b4b1fd2af"},"cachedLocation":"mods/entity_model_features_forge_1.20.1-1.2.3.jar","optionValue":true},"mods/create-new-age.pw.toml":{"hash":{"type":"sha256","value":"ce654994a5727a74079acb115e48e944754218dca3f441a3315cd8d1b9f7fd9b"},"linkedFileHash":{"type":"sha1","value":"042c45d45f4921e4510c2cd3db9486c69f42a1d0"},"cachedLocation":"mods/create-new-age-forge-1.20.1-1.1.1.jar","optionValue":true},"mods/ftb-library-forge.pw.toml":{"hash":{"type":"sha256","value":"c6a6db5cfdde50e43e7f8537f3cb495cc55a6e54af5a53e46eda92000ae69fa3"},"linkedFileHash":{"type":"sha1","value":"4def87e663c21c8b55383c931f704bd7351d25b5"},"cachedLocation":"mods/ftb-library-forge-2001.2.1.jar","optionValue":true},"config/voicechat/username-cache.json":{"hash":{"type":"sha256","value":"1fa53c860344dc678707c8a97e208f40e1a89cde550e4d15fa3624179d0a1acd"},"cachedLocation":"config/voicechat/username-cache.json","optionValue":true},"mods/create-railways-navigator.pw.toml":{"hash":{"type":"sha256","value":"02889994fc7415a9062547fb8865689491839bfc4ffaeabd870d76c79ae6956a"},"linkedFileHash":{"type":"sha1","value":"b67cc5152c1d8adfdd22f825153853019bf6e4c6"},"cachedLocation":"mods/createrailwaysnavigator-0.5.2-beta-1.20.1-forge.jar","optionValue":true},"config/immersiveengineering-common.toml":{"hash":{"type":"sha256","value":"68550b1b9f85bb8b055e602c6178a9a7ff8ec90d226c739f8d8c5ca66e089e47"},"cachedLocation":"config/immersiveengineering-common.toml","optionValue":true},"config/jei/ingredient-list-type-sort-order.ini":{"hash":{"type":"sha256","value":"ca6f0515891afed86c30c9d3d8ad1496a7d03de9ea532ab431f2ec1d3968826b"},"cachedLocation":"config/jei/ingredient-list-type-sort-order.ini","optionValue":true},"config/voicechat/voicechat-volumes.properties":{"hash":{"type":"sha256","value":"33afebdb8ef07a3d774086931dec8d899f4da7aeba5b448fd4eee540ba5e02a2"},"cachedLocation":"config/voicechat/voicechat-volumes.properties","optionValue":true},"config/NoChatReports/README.md":{"hash":{"type":"sha256","value":"c52b76ccad2bd1063a22c7f6bb9e7c5db6b00fb53a6fd605585972ee0e5fc01f"},"cachedLocation":"config/NoChatReports/README.md","optionValue":true},"config/rubidium-mixins.properties":{"hash":{"type":"sha256","value":"28e5b8f2e7d93aa4a086c908e6fe135055d1ebda0eb5465d165e1d3790f34a1b"},"cachedLocation":"config/rubidium-mixins.properties","optionValue":true},"mods/comforts.pw.toml":{"hash":{"type":"sha256","value":"6bdf5c00414be2b3bb20d040afe2e90550a300755414aaff01577eed6eaf491f"},"linkedFileHash":{"type":"sha1","value":"e119443dcbd6c9fd07e922ceb6f070d28de7aef7"},"cachedLocation":"mods/comforts-forge-6.3.5+1.20.1.jar","optionValue":true},"config/dynamic_lights_reforged.toml":{"hash":{"type":"sha256","value":"d51cfa73ad1f160a4bf14a7fca90ab6f8dadb8dee52e240d3190193b9e954bc4"},"cachedLocation":"config/dynamic_lights_reforged.toml","optionValue":true},"mods/bellsandwhistles.pw.toml":{"hash":{"type":"sha256","value":"48ddfc4225936a611f738b22b22b48cdc5977715ab75c21ffaa4d36d536e1147"},"linkedFileHash":{"type":"sha1","value":"7cb1e1dc365c43f08ee7616f1505759e547b11be"},"cachedLocation":"mods/bellsandwhistles-0.4.3-1.20.x.jar","optionValue":true},"config/framedblocks-client.toml":{"hash":{"type":"sha256","value":"43823345ce41ecad85fabe5f3d264b4e9aebdcd274a18a381eae5926a3bbe16d"},"cachedLocation":"config/framedblocks-client.toml","optionValue":true},"config/copycats-common.toml":{"hash":{"type":"sha256","value":"99587f018807b0e75a798f5749c89fc00218cf848aa970f7062371f258b9d899"},"cachedLocation":"config/copycats-common.toml","optionValue":true},"config/entity_texture_features.json":{"hash":{"type":"sha256","value":"e0dc80d3ca4e93d206333f24554f1e5aef78affcbefe69e237eff15fbaeaadc3"},"cachedLocation":"config/entity_texture_features.json","optionValue":true},"mods/createaddition.pw.toml":{"hash":{"type":"sha256","value":"e3675974e82fcae3aa0c612c5a7709739e6c83710ee4d0ccef890afcecc40c87"},"linkedFileHash":{"type":"sha1","value":"dcb0f28ce8d77d8ef2d2f1004c5520f66e5ca0ef"},"cachedLocation":"mods/createaddition-1.20.1-1.2.3.jar","optionValue":true},"mods/create-track-map.pw.toml":{"hash":{"type":"sha256","value":"bde64cc26d0eeef14f7f86e17ea828a131e5f5ec2e6af61c2f56dd245d92f5cd"},"linkedFileHash":{"type":"sha1","value":"bb5a15f1c2d8cc68f5f80e2d04ad3e796de07a6f"},"cachedLocation":"mods/create-track-map-1.4+mc1.20.1-neoforge.jar","optionValue":true},"config/jade/sort-order.json":{"hash":{"type":"sha256","value":"17ffd83f0a0bed85f79818425f56f503fc1327121f250c942b3e8954c5426d00"},"cachedLocation":"config/jade/sort-order.json","optionValue":true},"config/voicechat-client.toml":{"hash":{"type":"sha256","value":"366f0ef6b5ef068aa1e5ef636fa2ec723803b8bcf1b200f958ac99ec21edde72"},"cachedLocation":"config/voicechat-client.toml","optionValue":true},"mods/create-deco.pw.toml":{"hash":{"type":"sha256","value":"b6397a26aec2794a006ba9033f5b114c241e88bf80fe82937cb57d2b39e333d9"},"linkedFileHash":{"type":"sha1","value":"d252954b44affe0f8e538f9da27b6d3ed773d283"},"cachedLocation":"mods/createdeco-2.0.0-forge-1.20.1.jar","optionValue":true},"config/NoChatReports/NCR-Client.json":{"hash":{"type":"sha256","value":"edfe78d985fe67dce28104f3d87673e94c89134144451c291ecedcd2e2c3b480"},"cachedLocation":"config/NoChatReports/NCR-Client.json","optionValue":true},"mods/fastworkbench.pw.toml":{"hash":{"type":"sha256","value":"77095e78d0432b58d1243f271e953c8c6b318bf8dbd0563358b07e15baf30a9c"},"linkedFileHash":{"type":"sha1","value":"1a322a85e7c7024b8a0715c12d27b5ed0930d729"},"cachedLocation":"mods/FastWorkbench-1.20.1-8.0.4.jar","optionValue":true},"mods/numismatics.pw.toml":{"hash":{"type":"sha256","value":"76b065a38723fb15acdf2f3d5193554d1537b3ec59709adb0473ee5de962c582"},"linkedFileHash":{"type":"sha1","value":"551133e94ca5731de8f1441d6768d9d962b83a36"},"cachedLocation":"mods/CreateNumismatics-1.0.4+forge-mc1.20.1.jar","optionValue":true},"config/valkyrienskies/vs_tournament_client.json":{"hash":{"type":"sha256","value":"1de075ec2f8be3771bb8926f47e7fa4519d2b58c42a1f15ffaa3ba1df20e8cc0"},"cachedLocation":"config/valkyrienskies/vs_tournament_client.json","optionValue":true},"config/createdieselgenerators-client.toml":{"hash":{"type":"sha256","value":"eedb4c98e3a88cfba6bba41c35937d6b2d81d9f18942402393cd61f2f87f288c"},"cachedLocation":"config/createdieselgenerators-client.toml","optionValue":true},"config/jei/jei-mod-id-format.ini":{"hash":{"type":"sha256","value":"8f2761840207e6e133df740cd06303e52c711f418942300073cf58827a06b989"},"cachedLocation":"config/jei/jei-mod-id-format.ini","optionValue":true},"config/enhancedvisuals-client.json":{"hash":{"type":"sha256","value":"8f464f1cc6c2a18c37147767fad0c0224bca38bbedbab49320514457754bdd0d"},"cachedLocation":"config/enhancedvisuals-client.json","optionValue":true},"mods/create-steam-n-rails.pw.toml":{"hash":{"type":"sha256","value":"1ba1548e25b229c3097a310113d2929c94d6b5f183b64a0ebb2227799195cfcd"},"linkedFileHash":{"type":"sha1","value":"1fa6261d8bcde2feb200886e2ff6cfcbbdb53e17"},"cachedLocation":"mods/Steam_Rails-1.6.4+forge-mc1.20.1.jar","optionValue":true},"config/comforts-server.toml":{"hash":{"type":"sha256","value":"70570a904102df93d5786953a4e819e398aab5554cc32a9bddf4febfe6b0b0b3"},"cachedLocation":"config/comforts-server.toml","optionValue":true},"config/exposure-common.toml":{"hash":{"type":"sha256","value":"2ccd1817c2de9aff4270935a245618766af621b9d91b8fd6b196fc90463da464"},"cachedLocation":"config/exposure-common.toml","optionValue":true},"config/konkrete/locals/pl_pl.local":{"hash":{"type":"sha256","value":"d38a7776e362e4de6082078d803c1c9358d9d40526edfe4bdfd29c552aef76d8"},"cachedLocation":"config/konkrete/locals/pl_pl.local","optionValue":true},"mods/tectonic.pw.toml":{"hash":{"type":"sha256","value":"66e091a1aa7ee6fd986931a99914cb9f3133957bd99454b7d768350d5c54b312"},"linkedFileHash":{"type":"sha1","value":"b53470e09a3c40e017bb0c891903271220bb9267"},"cachedLocation":"mods/tectonic-forge-1.19.3-2.3.4.jar","optionValue":true},"config/valkyrienskies/vs_server.json":{"hash":{"type":"sha256","value":"0c17c70683f44cb8445d6a12a1af48b4d6af7615f356fa28cdbbdb2fbcf0132f"},"cachedLocation":"config/valkyrienskies/vs_server.json","optionValue":true},"mods/better-third-person.pw.toml":{"hash":{"type":"sha256","value":"350515eff162272fc4424ae014aa2d86bbe3ad4ded6c2139f352fa88bb522098"},"linkedFileHash":{"type":"sha1","value":"0b0a3ff3b244fa191b3f9580547071dee46f7276"},"cachedLocation":"mods/BetterThirdPerson-Forge-1.20-1.9.0.jar","optionValue":true},"config/jade/plugins.json":{"hash":{"type":"sha256","value":"3b2cc4674ebb89ac054c4a78ae58b03c84f4019eaffa6a2d7add8a4d0bc5e513"},"cachedLocation":"config/jade/plugins.json","optionValue":true},"mods/simple-voice-chat.pw.toml":{"hash":{"type":"sha256","value":"058ffeb5d53f7390b2cb3b91017ede768427893e43a433ec5d6e4b267547d5a6"},"linkedFileHash":{"type":"sha1","value":"0ddc174a52973036e5fcfd2fb72686b3b18aed3f"},"cachedLocation":"mods/voicechat-forge-1.20.1-2.4.32.jar","optionValue":true},"mods/jade-addons.pw.toml":{"hash":{"type":"sha256","value":"3a61d8d5097d96d41106c38bd40d17b8847c0d388219e6797ba29b187fd50411"},"linkedFileHash":{"type":"sha1","value":"74b567a2b23bf34cd37ee4c02059318f8cc702d7"},"cachedLocation":"mods/JadeAddons-1.20.1-forge-5.2.2.jar","optionValue":true},"mods/exposure.pw.toml":{"hash":{"type":"sha256","value":"1bd064b812416bc467c2b236cc2904f00f9d36b0e994f5623d3e31897a1eb2d3"},"linkedFileHash":{"type":"sha1","value":"e8540cbffbdc957edadf124bef5a01779dfdcf09"},"cachedLocation":"mods/exposure-1.20.1-1.6.0-forge.jar","optionValue":true},"config/appleskin-client.toml":{"hash":{"type":"sha256","value":"28c6ad7570268b02ec6f73fb7c39c49ecf90f0697d0db9447899e8aa96285200"},"cachedLocation":"config/appleskin-client.toml","optionValue":true},"config/valkyrienskies/schemas/vs_server.schema.json":{"hash":{"type":"sha256","value":"9a9b9fd6e1c4252448ec9873752ad5d8f5bcb2245005030ba0fed38ee5c3ca57"},"cachedLocation":"config/valkyrienskies/schemas/vs_server.schema.json","optionValue":true},"config/konkrete/locals/de_de.local":{"hash":{"type":"sha256","value":"79a34cfd15c2d9c06498dc221be79279507d9b57666cd44f8d2c2cf95d3582ef"},"cachedLocation":"config/konkrete/locals/de_de.local","optionValue":true},"config/modernfix-common.toml":{"hash":{"type":"sha256","value":"d40a0510a5eaf56e3c48e881348d7d826c5a1f61aa29b69cf0fc33dd96d6fdcd"},"cachedLocation":"config/modernfix-common.toml","optionValue":true},"config/konkrete/locals/en_us.local":{"hash":{"type":"sha256","value":"fdf1864fd049b3f1b9af1f8db6c5125a627be7d06a451c778da3329843d3c39a"},"cachedLocation":"config/konkrete/locals/en_us.local","optionValue":true},"config/CoroUtil/General.toml":{"hash":{"type":"sha256","value":"da41baa38cd86e7388841af4095cb06b9f6f3a1c883cedfe6f0632ea129f4f06"},"cachedLocation":"config/CoroUtil/General.toml","optionValue":true},"mods/coroutil.pw.toml":{"hash":{"type":"sha256","value":"9f2bb57e05bad305f03c25c275c6d11e952835a41b2da68dba10a0bd1f3f6261"},"linkedFileHash":{"type":"sha1","value":"7f5f0b62a638b6053c95919cbe8c2bea2e0c93d0"},"cachedLocation":"mods/coroutil-forge-1.20.1-1.3.7.jar","optionValue":true},"config/jade/jade.json":{"hash":{"type":"sha256","value":"8951063f399e5ebeece66336e01daaceacfba10cf4823243635a34db2bff4066"},"cachedLocation":"config/jade/jade.json","optionValue":true},"config/valkyrienskies/schemas/vs_tournament_server.schema.json":{"hash":{"type":"sha256","value":"09733476bd344fedc9d90710097f6e9213c200321eacbefc75b29de4b27397fb"},"cachedLocation":"config/valkyrienskies/schemas/vs_tournament_server.schema.json","optionValue":true},"config/jei/blacklist.cfg":{"hash":{"type":"sha256","value":"e3b0c44298fc1c149afbf4c8996fb92427ae41e4649b934ca495991b7852b855"},"cachedLocation":"config/jei/blacklist.cfg","optionValue":true},"config/create_new_age-client.toml":{"hash":{"type":"sha256","value":"f231448f6be3eadfcc13545b90915434692d43159803424f635d5790b0b5e4ae"},"cachedLocation":"config/create_new_age-client.toml","optionValue":true},"config/fastsuite.cfg":{"hash":{"type":"sha256","value":"310c59a267ec6ef618ce9f085375ad0a23360e80fa3e51b76a66ea00577071f9"},"cachedLocation":"config/fastsuite.cfg","optionValue":true},"config/flywheel-client.toml":{"hash":{"type":"sha256","value":"0a70d58a4a562c2aa2945a3883d35fa3a8e90d80eab9d6b2db3be6103f71b9b2"},"cachedLocation":"config/flywheel-client.toml","optionValue":true},"mods/forgeshot.pw.toml":{"hash":{"type":"sha256","value":"0440723dc68684408e0322421a8572cf68f290df0dd9cc5be33a144d55d3c40f"},"linkedFileHash":{"type":"sha1","value":"e8ee201ea36db2b85eb65d9e3885f3cfa40d8ae0"},"cachedLocation":"mods/forgeshot-mc1.20.1-1.0.jar","optionValue":true},"config/create-track-map.json":{"hash":{"type":"sha256","value":"edd44548fb8d423d67083a4bed6c12c8bd87e56f927141f58061d1ef804f670f"},"cachedLocation":"config/create-track-map.json","optionValue":true},"config/cull-less-leaves.json":{"hash":{"type":"sha256","value":"6bc92f3695f35c601c2adfa1f51e9f616df379288f2a260fd1f4011c5bad50ee"},"cachedLocation":"config/cull-less-leaves.json","optionValue":true},"mods/createutilities.pw.toml":{"hash":{"type":"sha256","value":"8f1126dc9f98d78c5f2a57f721a61657c45bc69d26df3b80293bf7b9b9ea82a1"},"linkedFileHash":{"type":"sha1","value":"3f7ad447e58e41fa9ec09fc71c1675af4e489973"},"cachedLocation":"mods/createutilities-0.1.4+1.20.1.jar","optionValue":true},"mods/create-big-cannons.pw.toml":{"hash":{"type":"sha256","value":"5ff68b415d1d9bed64dee45a3ea93471627694fa458e1a9e6b5edf22e40d9529"},"linkedFileHash":{"type":"sha1","value":"f14b334001cbeb74b826bbe9bfeaa7f14a60a980"},"cachedLocation":"mods/createbigcannons-forge-1.20.1-0.5.4.jar","optionValue":true},"config/embeddium-options.json":{"hash":{"type":"sha256","value":"36621bc4f4f283b43074c5ca2f8fcb56520722d6985bf43cb017f3c98c752774"},"cachedLocation":"config/embeddium-options.json","optionValue":true},"mods/what-are-they-up-to.pw.toml":{"hash":{"type":"sha256","value":"a6c6913cce90a477582c632ec246f90c917fbf97da4129e78bf408b060e01f89"},"linkedFileHash":{"type":"sha1","value":"fd0d12a3909d19d19002523e2e55a080bf50b75c"},"cachedLocation":"mods/watut-forge-1.20.1-1.1.1.jar","optionValue":true},"config/jei/jei-colors.ini":{"hash":{"type":"sha256","value":"bca5b02f5689992eedefaea160cecac8fd69ee8ae7cee403f5294afbe539e8ce"},"cachedLocation":"config/jei/jei-colors.ini","optionValue":true},"config/valkyrienskies/vs_clockwork_server.json":{"hash":{"type":"sha256","value":"96e318c600d9ca728ac0eaacb0d40ef5938caab5d4c8fb82130f53d52ca68a83"},"cachedLocation":"config/valkyrienskies/vs_clockwork_server.json","optionValue":true},"config/watut-common.toml":{"hash":{"type":"sha256","value":"323737c2bd12d1f45b3f7f110960d13c89a7048a58176d36f144948df340b02b"},"cachedLocation":"config/watut-common.toml","optionValue":true},"mods/server-country-flags.pw.toml":{"hash":{"type":"sha256","value":"0fb5cb6492c8f7ae6e564386d3fa9ae124cabb99d1ecbf6d84f6bcb9f5cdbd46"},"linkedFileHash":{"type":"sha1","value":"b4233b3fd86778dfb86c6c3aa9cceac8430a888b"},"cachedLocation":"mods/servercountryflags-1.8.1-1.20.x-FORGE.jar","optionValue":true},"mods/fps-reducer.pw.toml":{"hash":{"type":"sha256","value":"74343f6931d66da29809e437bfb83d19adcf2bf5c81861071fad6f049c70ed1e"},"linkedFileHash":{"type":"sha1","value":"d7d5af20faa2bd7012aa2d34b5804324aa273092"},"cachedLocation":"mods/FpsReducer2-forge-1.20-2.5.jar","optionValue":true},"mods/kotlin-for-forge.pw.toml":{"hash":{"type":"sha256","value":"826c59a1e607641acb85f1e23a2bb7183a2f0a9ccd19ea4f01bbc9d94d480acf"},"linkedFileHash":{"type":"sha1","value":"5981310618ebe818177bb2a703f8a7fb01bc8efc"},"cachedLocation":"mods/kotlinforforge-4.10.0-all.jar","optionValue":true},"mods/iceberg.pw.toml":{"hash":{"type":"sha256","value":"ad39b6fb2bc55933c421297e8ecf931d82dcb056a5513ba3f3b407fdeaef7b02"},"linkedFileHash":{"type":"sha1","value":"1692af84ef74a07b1f2e5dcdbff821effafdd24b"},"cachedLocation":"mods/Iceberg-1.20.1-forge-1.1.21.jar","optionValue":true},"config/embeddium-fingerprint.json":{"hash":{"type":"sha256","value":"f99518fdf7861f341eafde5626b95d6afe9b0084d377faf6c53abea1c7673164"},"cachedLocation":"config/embeddium-fingerprint.json","optionValue":true},"config/valkyrienskies/schemas/vs_tournament_client.schema.json":{"hash":{"type":"sha256","value":"0f03c2bead73feb15f2de25608115ebf6e5b4b31102026aaca10b45fe8f0f6ba"},"cachedLocation":"config/valkyrienskies/schemas/vs_tournament_client.schema.json","optionValue":true},"config/createaddition-common.toml":{"hash":{"type":"sha256","value":"1d28b40d466308be422d511bcd662b26807a9616144055591ccabb53b42fad92"},"cachedLocation":"config/createaddition-common.toml","optionValue":true},"config/jade/hide-blocks.json":{"hash":{"type":"sha256","value":"6f6658b4a600c154e8bceb74fbfd887c9cb159ae389b1c87d29bd90f21ce5b0a"},"cachedLocation":"config/jade/hide-blocks.json","optionValue":true},"config/ferritecore-mixin.toml":{"hash":{"type":"sha256","value":"e3ca99e0f233e3bcf8b6762a85b1139f716bf96644318fe9cb022c270461b287"},"cachedLocation":"config/ferritecore-mixin.toml","optionValue":true},"config/betterthirdperson-common.toml":{"hash":{"type":"sha256","value":"1cae9855e777afbbdca5cd858bc66d10069c902fbd1b8d073cbedace3fa71779"},"cachedLocation":"config/betterthirdperson-common.toml","optionValue":true},"config/xaeroworldmap.txt":{"hash":{"type":"sha256","value":"2ea1a11fe48f7bd89299bfac3ff6d41cc976d9afed3c88a3ba14c398081a32b3"},"cachedLocation":"config/xaeroworldmap.txt","optionValue":true},"config/createbigcannons-client.toml":{"hash":{"type":"sha256","value":"5a189ae6a6a2e95ec56876db138e7062f831a710e2b8c0c6f0f18611c27eceff"},"cachedLocation":"config/createbigcannons-client.toml","optionValue":true},"config/corn_delight-common.toml":{"hash":{"type":"sha256","value":"fedb852f3181f9a5c666d3fe8ade55587e4b8f43a25cb87530c40d3f92826466"},"cachedLocation":"config/corn_delight-common.toml","optionValue":true},"config/copycats-client.toml":{"hash":{"type":"sha256","value":"0aa4548d1bcf6bd5c8cba4e3d81a819891ff6e1a488d048b0dc2cbb9dfd225b5"},"cachedLocation":"config/copycats-client.toml","optionValue":true},"mods/lucent.pw.toml":{"hash":{"type":"sha256","value":"2ca738aa0f011b34d0018a3860aab82d3e86d05f64ee74e22eafcebe1941e1af"},"linkedFileHash":{"type":"sha1","value":"d72dc411c4e35869044840e4b551e8734788bc51"},"cachedLocation":"mods/lucent-1.20.1-1.5.5.jar","optionValue":true},"mods/create-train-perspective-fix.pw.toml":{"hash":{"type":"sha256","value":"4d4299391430b9140fccf68150b030b2d1bda3e0e9ab8b322b0e8542980f113d"},"linkedFileHash":{"type":"sha1","value":"ee75c6551a3fef1a26fa7c404d61b062f7e9338f"},"cachedLocation":"mods/trainperspectivefix-1.0.0-universal.jar","optionValue":true},"config/jei/jei-client.ini":{"hash":{"type":"sha256","value":"b9e218f836ded9cd97ecd8664eb0cc51c469895caa08974a0df1a78723a98572"},"cachedLocation":"config/jei/jei-client.ini","optionValue":true},"config/farmersdelight-client.toml":{"hash":{"type":"sha256","value":"13a11f20b305f6f975ebc35802d87c7bf22a04dc79464e41089823603b76a227"},"cachedLocation":"config/farmersdelight-client.toml","optionValue":true},"config/sound_physics_remastered/soundphysics.properties":{"hash":{"type":"sha256","value":"55d091745ccf9dfeb931ebc6372dbb2f67062a00c6a2b456a689ca2a92e819b3"},"cachedLocation":"config/sound_physics_remastered/soundphysics.properties","optionValue":true},"config/xaerominimap_entities.json":{"hash":{"type":"sha256","value":"d44155ad6524baf93af689dcc2f7bab16d1989475f4c91a88ee526687e4957ec"},"cachedLocation":"config/xaerominimap_entities.json","optionValue":true},"mods/ftb-teams-forge.pw.toml":{"hash":{"type":"sha256","value":"76c3828b4e7288b79d6b0ca1418410539082a749650f9c85c6b03cf53ed1221e"},"linkedFileHash":{"type":"sha1","value":"bb5a1f3ac9d44c5e9b319768e7166e877879aaaa"},"cachedLocation":"mods/ftb-teams-forge-2001.3.0.jar","optionValue":true},"config/forgeshot-client.toml":{"hash":{"type":"sha256","value":"8755a196f632894e31a3716da7fb360383bfe74a88d53808bd3e8ca4cc20267a"},"cachedLocation":"config/forgeshot-client.toml","optionValue":true},"config/modernfix-mixins.properties":{"hash":{"type":"sha256","value":"3875ec15def57fb54d4531bfc657028f47f73140be223b08afb588d7519a934a"},"cachedLocation":"config/modernfix-mixins.properties","optionValue":true},"config/valkyrienskies/vs_client.json":{"hash":{"type":"sha256","value":"744609ee3e824e694dbc68125a2f6c1933f98d321755019e3a462a5de67fde44"},"cachedLocation":"config/valkyrienskies/vs_client.json","optionValue":true},"config/valkyrienskies/schemas/vs_core_server.schema.json":{"hash":{"type":"sha256","value":"a09eb410f6b56c65904aaf5d75d74ebf67d8ed96f9d992f322e8e03fd86b1f6d"},"cachedLocation":"config/valkyrienskies/schemas/vs_core_server.schema.json","optionValue":true},"config/NoChatReports/NCR-Common.json":{"hash":{"type":"sha256","value":"0eaad2630bd70ade719f7810e805810ada25379269ea194e43d3eea30c51dec0"},"cachedLocation":"config/NoChatReports/NCR-Common.json","optionValue":true},"config/valkyrienskies/schemas/vs_common.schema.json":{"hash":{"type":"sha256","value":"f5ba425afee7c543f9e010c34c451817bb9c745ffd45106fac5544e9eacadf96"},"cachedLocation":"config/valkyrienskies/schemas/vs_common.schema.json","optionValue":true},"config/create-common.toml":{"hash":{"type":"sha256","value":"6c0f6254798808bce8079a1cfafe4d6c082cead42c51d1e3121f3580f8a44eca"},"cachedLocation":"config/create-common.toml","optionValue":true},"config/xaeroworldmap-common.txt":{"hash":{"type":"sha256","value":"d1f01c1b88e9f0273da1a90cd0c5d0ff62c2313b7ef4c901993aa8cafa84e5d6"},"cachedLocation":"config/xaeroworldmap-common.txt","optionValue":true},"mods/copycats.pw.toml":{"hash":{"type":"sha256","value":"ff9b47b951b64a0f73f6b7f88637d5aeb54c8e0f21accc3988d7343d37c0b06f"},"linkedFileHash":{"type":"sha1","value":"533857747aca191efc12daf16d40ef0dd83f73fd"},"cachedLocation":"mods/Copycats-forge.1.20.1-1.2.6.jar","optionValue":true},"mods/valkyrien-skies.pw.toml":{"hash":{"type":"sha256","value":"08c2f56bec64aeb43ae003370351eaae0f1474387f9663765b281a25ba2049ce"},"linkedFileHash":{"type":"sha1","value":"cf2ad09ca6b53f621b2a6af507ccacbc88fbba5a"},"cachedLocation":"mods/valkyrienskies-120-2.3.0-beta.5.jar","optionValue":true},"config/ftbquests/quests/chapter_groups.snbt":{"hash":{"type":"sha256","value":"e57d8311aec9f524911ed1313cabf138bb7fa5a2d3ba985a00a2a267ff35ef78"},"cachedLocation":"config/ftbquests/quests/chapter_groups.snbt","optionValue":true},"mods/embeddium.pw.toml":{"hash":{"type":"sha256","value":"f4072fa34f5089d9d5bedda848e5926d5b36f378908de01ffb38469968c927c2"},"linkedFileHash":{"type":"sha1","value":"2319894c1730d1d5f3fcec810989af3a8d868e9a"},"cachedLocation":"mods/embeddium-0.3.18+mc1.20.1-all.jar","optionValue":true},"config/sidebar_buttons.json":{"hash":{"type":"sha256","value":"d12bcdd59a36b21e0aafaab84c9ef6749d8aeab3e28e814571625a58a5db3a87"},"cachedLocation":"config/sidebar_buttons.json","optionValue":true},"config/fastbench.cfg":{"hash":{"type":"sha256","value":"8133f67a8d39f7a9cc0737636ffde75326b602201354de5dd3bd716491713219"},"cachedLocation":"config/fastbench.cfg","optionValue":true},"config/xaerominimap-common.txt":{"hash":{"type":"sha256","value":"12d59cbd75c19a2bfb7f837f161f762e6136e834b07d3c3c5bba806a66e34bc2"},"cachedLocation":"config/xaerominimap-common.txt","optionValue":true},"resourcepacks/fresh-moves.pw.toml":{"hash":{"type":"sha256","value":"34da82fd47bd2904b5fa9741b1938909f52fa4a2acf9777d94b2f7354a1947f7"},"linkedFileHash":{"type":"sha1","value":"afc40bb6a1f77ada948ce07e3c3cf0210cd72c89"},"cachedLocation":"resourcepacks/Eyeless Fresh Moves v3.0.1.zip","optionValue":true},"config/servercountryflags/servercountryflags.properties":{"hash":{"type":"sha256","value":"fb227b1e066ff7669a46a17ed2287f581f90df1887a9f6af9c7b0ae0a8315ee5"},"cachedLocation":"config/servercountryflags/servercountryflags.properties","optionValue":true},"mods/redirector.pw.toml":{"hash":{"type":"sha256","value":"f4bfe8f04847a5b590e59baaf47281273c2f0e54e0e99330eb38e91cfdc98fb4"},"linkedFileHash":{"type":"sha1","value":"88cd68a0345d9a0e609633ee3ab60454da9b1295"},"cachedLocation":"mods/redirector-1.20.1-4.4.0-forge.jar","optionValue":true},"config/createrailwaysnavigator-common.toml":{"hash":{"type":"sha256","value":"cbba9f37e022d54443f3b242a1539307880b045cabe6782c436c3ca255b8022a"},"cachedLocation":"config/createrailwaysnavigator-common.toml","optionValue":true},"config/framedblocks-common.toml":{"hash":{"type":"sha256","value":"599df95790d200ac55689c0885eba9dc1cdacaae3a4b2649092271173dabff51"},"cachedLocation":"config/framedblocks-common.toml","optionValue":true},"config/jade/hide-entities.json":{"hash":{"type":"sha256","value":"38975f3f3c25a40c905172a9ccde5489946048173d6173967f37aadcf602455a"},"cachedLocation":"config/jade/hide-entities.json","optionValue":true},"config/valkyrienskies/vs_clockwork_client.json":{"hash":{"type":"sha256","value":"11fd0b7431f5c5a1a37a1f7b5a2b91c470daca21a92daba06e368ecfabdf00e2"},"cachedLocation":"config/valkyrienskies/vs_clockwork_client.json","optionValue":true},"mods/advancement-plaques.pw.toml":{"hash":{"type":"sha256","value":"2823f67bc12454a6941062d99254aba1e31b2b9b639a030c2d5548df9df863d1"},"linkedFileHash":{"type":"sha1","value":"459bf06be69d28ebf522d22905019cba785978c9"},"cachedLocation":"mods/AdvancementPlaques-1.20.1-forge-1.5.1.jar","optionValue":true},"config/rubidium-options.json":{"hash":{"type":"sha256","value":"515a81423ac49422eccc28c17295ca8c6c3b7df3a8b4143d8259d25d864e2a5d"},"cachedLocation":"config/rubidium-options.json","optionValue":true},"mods/interiors.pw.toml":{"hash":{"type":"sha256","value":"d925d89ab420bc00b3c3c2b5db81a00b94ba309759f5c34fa308f681e5d02496"},"linkedFileHash":{"type":"sha1","value":"39dea99f6284ab0046f750aa56a26ceac6104567"},"cachedLocation":"mods/interiors-0.5.3+forge-mc1.20.1.jar","optionValue":true},"config/NoChatReports/NCR-Encryption.json":{"hash":{"type":"sha256","value":"0f61ac30bfc78653a30d715f793e30a6a43d6715106706487efd0aea5d43a84c"},"cachedLocation":"config/NoChatReports/NCR-Encryption.json","optionValue":true},"config/valkyrienskies/schemas/vs_clockwork_server.schema.json":{"hash":{"type":"sha256","value":"d404a5b0b1a786ea22df049e30c3098c41593f546570166cb497444419dee710"},"cachedLocation":"config/valkyrienskies/schemas/vs_clockwork_server.schema.json","optionValue":true},"resourcepacks/fresh-animations.pw.toml":{"hash":{"type":"sha256","value":"0fc625e075a11cf7b2592846f33cba852d5402c40d85902ef06b5dbdfdfd5624"},"linkedFileHash":{"type":"sha1","value":"b092779da2ac9b397955248a342aa78e6b18f7a2"},"cachedLocation":"resourcepacks/FreshAnimations_v1.9.zip","optionValue":true},"mods/entity-texture-features-fabric.pw.toml":{"hash":{"type":"sha256","value":"ee43ae9c3705e7ee046ab6b3191dcaed8b0a87f89639714a403a72d071c7b501"},"linkedFileHash":{"type":"sha1","value":"da678ab457fe2f8bfa1bd7496d83b93d4ee5bd3c"},"cachedLocation":"mods/entity_texture_features_forge_1.20.1-5.2.1.jar","optionValue":true},"config/railways-common.toml":{"hash":{"type":"sha256","value":"58f7821842631af9ec8bcaddb60526b81cd1b9ad63cbba87c83c70e53c3a9b16"},"cachedLocation":"config/railways-common.toml","optionValue":true},"config/forge-client.toml":{"hash":{"type":"sha256","value":"da45a8218f254f4bda475d837df9630ab57dd709d77130469c8129f894f38396"},"cachedLocation":"config/forge-client.toml","optionValue":true},"config/tectonic.json":{"hash":{"type":"sha256","value":"ea44be71712cbad585fe349268e7f5dfb3aa123ef189acc74437547ef20fa5c6"},"cachedLocation":"config/tectonic.json","optionValue":true}},"cachedSide":"client"}