{
  "favorites": [],
  "lookup_history": [
    {
      "type": "item",
      "id": "minecraft:raw_copper",
      "amount": 37
    },
    "item:create:encased_chain_drive",
    "item:create:propeller",
    "item:create:encased_fan",
    "item:create:zinc_ingot",
    "item:copycats:copycat_trapdoor",
    {
      "type": "item",
      "id": "minecraft:ladder",
      "amount": 5
    },
    "item:minecraft:compass",
    "item:create:speedometer",
    "item:create:stressometer",
    "item:create:goggles",
    "item:minecraft:string",
    "item:create:golden_sheet",
    "item:create:wrench",
    "item:create:gearbox",
    "item:create:adjustable_chain_gearshift",
    "item:create:andesite_casing",
    "item:create:millstone",
    "item:create:cogwheel",
    "item:create:white_sail",
    "item:create:sail_frame",
    "item:create:windmill_bearing",
    "item:create:mechanical_saw",
    "item:create_things_and_misc:mending_rune{Damage:0}",
    "item:create:sticker",
    "item:create_things_and_misc:sticky_boots_boots{Damage:0}",
    "item:exposure:developed_black_and_white_film",
    "item:exposure:color_film",
    "item:exposure:black_and_white_film",
    "item:exposure:camera",
    "item:exposure:lightroom",
    "item:createbigcannons:traffic_cone",
    "item:vs_clockwork:command_seat",
    "item:create_things_and_misc:sturdy_sheet_block",
    "item:create_things_and_misc:train_buffer",
    "item:create_things_and_misc:train_stop",
    "item:interiors:green_chair",
    "item:interiors:white_floor_chair",
    "item:create:metal_bracket",
    "item:railways:track_monorail",
    "item:create:metal_girder",
    "item:railways:handcar",
    "item:create:mechanical_press",
    "item:create:iron_sheet",
    "item:minecraft:warped_stairs",
    "item:minecraft:mangrove_door"
  ],
  "craft_history": [
    "minecraft:ladder",
    "create:crafting/kinetics/goggles"
  ],
  "recipe_defaults": {
    "added": [],
    "tags": {},
    "resolutions": {},
    "disabled": []
  },
  "hidden_stacks": []
}