{
  "ropeMaxForce" : 1.0E10,
  "spinnerSpeed" : 5000.0,
  "balloonPower" : 30.0,
  "balloonAnalogStrength" : 1.0,
  "unpoweredBalloonMul" : 5.0,
  "balloonBaseHeight" : 100.0,
  "thrusterSpeed" : 10000.0,
  "thrusterTiersNormal" : 4,
  "thrusterTiersTiny" : 2,
  "thrusterTinyForceMultiplier" : 0.2,
  "thrusterShutoffSpeed" : 80.0,
  "ballastWeight" : 10000.0,
  "ballastNoWeight" : 800.0,
  "pulseGunForce" : 300.0,
  "sensorDistance" : 10.0,
  "propellerBigForce" : 10000.0,
  "propellerBigSpeed" : 7.0,
  "propellerBigAccel" : 0.1,
  "propellerSmallForce" : 1000.0,
  "propellerSmallSpeed" : 50.0,
  "propellerSmallAccel" : 1.0,
  "chunkTicketsPerTick" : -1,
  "chunksPerTicket" : 100,
  "chunkLoadTimeout" : 40,
  "blockBlacklist" : [ "minecraft:dirt", "minecraft:grass_block", "minecraft:grass_path", "minecraft:stone", "minecraft:bedrock", "minecraft:sand", "minecraft:gravel", "minecraft:water", "minecraft:flowing_water", "minecraft:lava", "minecraft:flowing_lava", "minecraft:lily_pad", "minecraft:coarse_dirt", "minecraft:podzol", "minecraft:granite", "minecraft:diorite", "minecraft:andesite", "minecraft:crimson_nylium", "minecraft:warped_nylium", "minecraft:red_sand", "minecraft:sandstone", "minecraft:end_stone", "minecraft:red_sandstone", "minecraft:blackstone", "minecraft:netherrack", "minecraft:soul_sand", "minecraft:soul_soil", "minecraft:grass", "minecraft:fern", "minecraft:dead_bush", "minecraft:seagrass", "minecraft:tall_seagrass", "minecraft:sea_pickle", "minecraft:kelp", "minecraft:bamboo", "minecraft:dandelion", "minecraft:poppy", "minecraft:blue_orchid", "minecraft:allium", "minecraft:azure_bluet", "minecraft:red_tulip", "minecraft:orange_tulip", "minecraft:white_tulip", "minecraft:pink_tulip", "minecraft:oxeye_daisy", "minecraft:cornflower", "minecraft:lily_of_the_valley", "minecraft:brown_mushroom", "minecraft:red_mushroom", "minecraft:crimson_fungus", "minecraft:warped_fungus", "minecraft:crimson_roots", "minecraft:warped_roots", "minecraft:nether_sprouts", "minecraft:weeping_vines", "minecraft:twisting_vines", "minecraft:chorus_plant", "minecraft:chorus_flower", "minecraft:snow", "minecraft:cactus", "minecraft:vine", "minecraft:sunflower", "minecraft:lilac", "minecraft:rose_bush", "minecraft:peony", "minecraft:tall_grass", "minecraft:large_fern", "minecraft:air", "minecraft:ice", "minecraft:packed_ice", "minecraft:blue_ice", "minecraft:portal", "minecraft:end_portal_frame", "minecraft:end_portal", "minecraft:end_gateway", "minecraft:oak_sapling", "minecraft:spruce_sapling", "minecraft:birch_sapling", "minecraft:jungle_sapling", "minecraft:acacia_sapling", "minecraft:dark_oak_sapling", "minecraft:oak_leaves", "minecraft:spruce_leaves", "minecraft:birch_leaves", "minecraft:jungle_leaves", "minecraft:acacia_leaves", "minecraft:dark_oak_leaves" ],
  "removeAllAttachments" : false,
  "$schema" : "schemas/vs_tournament_server.schema.json"
}